time,trait,strength,prediction
1655470239,2,97,548
1655470239,1,15,603
1655470239,1,60,623
1655470239,1,100,566
1655470239,0,62,543
1655470239,1,55,617
1655470239,0,89,597
1655470239,1,92,642
1655470239,0,75,660
1655470239,0,40,543
1655383839,0,83,851
1655383839,0,48,768
1655383839,1,92,720
1655383839,2,28,825
1655383839,1,70,772
1655383839,1,29,769
1655383839,1,37,718
1655383839,1,71,738
1655383839,0,80,788
1655383839,0,95,798
1655297439,1,64,661
1655297439,1,36,740
1655297439,2,50,621
1655297439,1,31,716
1655297439,1,85,657
1655297439,1,70,708
1655297439,0,56,743
1655297439,0,99,654
1655297439,2,50,707
1655297439,1,93,620
1655211039,0,39,537
1655211039,2,75,521
1655211039,1,82,468
1655211039,0,64,476
1655211039,0,98,472
1655211039,2,70,476
1655211039,1,65,491
1655211039,2,45,505
1655211039,1,84,517
1655211039,2,93,447
1655124639,2,65,339
1655124639,2,99,349
1655124639,1,7,384
1655124639,1,72,393
1655124639,0,64,375
1655124639,1,45,376
1655124639,1,0,391
1655124639,2,79,365
1655124639,1,76,326
1655124639,0,81,345
1655038239,2,23,240
1655038239,2,32,237
1655038239,2,9,240
1655038239,0,57,235
1655038239,1,31,252
1655038239,0,79,246
1655038239,1,37,239
1655038239,0,20,251
1655038239,2,21,277
1655038239,1,82,280
1654951839,1,89,274
1654951839,1,60,261
1654951839,0,39,278
1654951839,1,53,304
1654951839,0,33,260
1654951839,1,93,286
1654951839,0,77,281
1654951839,0,28,255
1654951839,1,18,256
1654951839,2,20,282
1654865439,2,54,254
1654865439,0,80,264
1654865439,2,57,234
1654865439,2,83,221
1654865439,1,86,256
1654865439,1,84,260
1654865439,1,7,267
1654865439,1,16,233
1654865439,0,39,224
1654865439,0,39,239
1654779039,1,72,255
1654779039,0,1,274
1654779039,0,75,291
1654779039,0,72,268
1654779039,0,99,284
1654779039,2,65,241
1654779039,1,25,261
1654779039,0,26,275
1654779039,2,55,276
1654779039,0,63,245
1654692639,1,64,241
1654692639,0,41,249
1654692639,1,36,211
1654692639,0,25,230
1654692639,2,100,218
1654692639,1,54,223
1654692639,1,86,216
1654692639,1,70,232
1654692639,2,68,241
1654692639,2,30,214
1654606239,0,17,238
1654606239,0,68,241
1654606239,1,97,249
1654606239,2,64,244
1654606239,1,43,249
1654606239,0,37,243
1654606239,2,99,273
1654606239,1,17,265
1654606239,2,98,234
1654606239,1,5,254
1654519839,1,100,313
1654519839,0,43,309
1654519839,2,75,343
1654519839,0,73,323
1654519839,2,10,329
1654519839,1,37,309
1654519839,1,35,308
1654519839,0,37,296
1654519839,2,85,296
1654519839,0,52,309
1654433439,0,30,445
1654433439,1,20,384
1654433439,1,21,400
1654433439,0,95,383
1654433439,1,48,439
1654433439,1,70,402
1654433439,2,61,410
1654433439,0,26,410
1654433439,0,3,371
1654433439,1,92,446
1654347039,1,50,362
1654347039,1,8,330
1654347039,1,76,380
1654347039,0,32,349
1654347039,2,99,391
1654347039,2,60,367
1654347039,1,23,391
1654347039,0,39,347
1654347039,0,46,332
1654347039,1,11,379
1654260639,2,73,400
1654260639,0,49,396
1654260639,0,41,380
1654260639,1,74,395
1654260639,0,42,369
1654260639,2,78,431
1654260639,2,11,388
1654260639,0,2,388
1654260639,1,9,391
1654260639,2,9,366
1654174239,2,1,503
1654174239,1,63,526
1654174239,0,12,530
1654174239,1,9,531
1654174239,2,22,488
1654174239,0,18,506
1654174239,1,13,556
1654174239,2,77,503
1654174239,0,26,484
1654174239,2,92,470
1654087839,2,86,471
1654087839,2,88,427
1654087839,0,38,456
1654087839,2,20,407
1654087839,2,85,432
1654087839,1,99,409
1654087839,2,57,456
1654087839,2,32,470
1654087839,1,68,459
1654087839,0,50,444
1654001439,1,62,443
1654001439,2,53,513
1654001439,0,7,528
1654001439,1,74,457
1654001439,2,16,457
1654001439,1,35,490
1654001439,2,51,462
1654001439,2,11,469
1654001439,1,0,462
1654001439,2,40,504
1653915039,2,81,409
1653915039,0,40,444
1653915039,2,61,409
1653915039,2,52,424
1653915039,2,78,464
1653915039,1,82,409
1653915039,0,9,446
1653915039,2,47,401
1653915039,2,98,407
1653915039,1,38,419
1653828639,1,21,348
1653828639,2,10,304
1653828639,2,65,337
1653828639,0,19,321
1653828639,1,27,295
1653828639,1,87,339
1653828639,2,81,333
1653828639,1,65,310
1653828639,2,93,294
1653828639,2,11,321
1653742239,1,94,327
1653742239,0,99,327
1653742239,1,30,365
1653742239,1,50,338
1653742239,1,56,333
1653742239,2,62,344
1653742239,0,55,385
1653742239,1,15,354
1653742239,1,31,365
1653742239,2,71,317
1653655839,2,56,490
1653655839,0,3,496
1653655839,2,31,449
1653655839,0,22,452
1653655839,0,69,441
1653655839,1,39,490
1653655839,1,87,473
1653655839,0,69,461
1653655839,1,53,431
1653655839,0,73,465
1653569439,1,13,651
1653569439,0,15,608
1653569439,2,1,605
1653569439,1,86,633
1653569439,2,83,553
1653569439,0,64,583
1653569439,2,39,591
1653569439,2,86,581
1653569439,2,41,536
1653569439,0,56,627
1653483039,1,39,538
1653483039,1,43,569
1653483039,2,87,542
1653483039,1,14,551
1653483039,1,48,495
1653483039,2,0,504
1653483039,2,76,561
1653483039,2,93,534
1653483039,0,59,545
1653483039,2,52,564
1653396639,2,21,592
1653396639,2,85,602
1653396639,0,46,602
1653396639,0,86,584
1653396639,2,54,586
1653396639,1,79,609
1653396639,2,89,649
1653396639,2,8,598
1653396639,2,31,616
1653396639,2,37,615
1653310239,1,92,740
1653310239,2,99,802
1653310239,1,22,719
1653310239,2,1,790
1653310239,1,90,806
1653310239,2,69,778
1653310239,0,59,767
1653310239,1,21,820
1653310239,2,5,770
1653310239,2,12,852
1653223839,0,45,631
1653223839,2,56,619
1653223839,0,64,655
1653223839,2,11,716
1653223839,2,88,684
1653223839,2,38,667
1653223839,2,26,674
1653223839,1,34,631
1653223839,0,89,747
1653223839,2,47,733
1653137439,2,94,453
1653137439,0,38,530
1653137439,2,91,518
1653137439,1,45,525
1653137439,2,29,497
1653137439,2,51,469
1653137439,1,33,525
1653137439,1,91,475
1653137439,1,78,537
1653137439,0,84,450
1653051039,1,40,379
1653051039,0,100,358
1653051039,0,9,345
1653051039,2,56,342
1653051039,2,33,382
1653051039,2,20,341
1653051039,0,91,380
1653051039,1,39,375
1653051039,0,14,350
1653051039,2,87,363
1652964639,0,29,419
1652964639,1,63,381
1652964639,0,5,376
1652964639,2,2,396
1652964639,2,4,432
1652964639,2,67,447
1652964639,1,43,404
1652964639,0,78,391
1652964639,0,28,420
1652964639,0,63,426
1652878239,0,29,353
1652878239,1,59,393
1652878239,2,49,350
1652878239,1,91,356
1652878239,1,63,337
1652878239,0,10,328
1652878239,0,0,384
1652878239,1,49,359
1652878239,0,51,343
1652878239,2,19,326
1652791839,1,18,421
1652791839,0,72,400
1652791839,1,16,362
1652791839,1,83,390
1652791839,0,4,420
1652791839,0,67,368
1652791839,0,35,367
1652791839,1,11,376
1652791839,0,63,368
1652791839,2,35,376
1652705439,1,42,338
1652705439,1,82,335
1652705439,0,7,326
1652705439,1,54,370
1652705439,0,45,356
1652705439,2,25,358
1652705439,2,8,338
1652705439,2,78,313
1652705439,1,22,316
1652705439,0,7,330
1652619039,0,6,266
1652619039,0,65,256
1652619039,2,47,232
1652619039,1,5,234
1652619039,2,4,254
1652619039,2,16,251
1652619039,2,57,227
1652619039,2,67,243
1652619039,0,32,246
1652619039,0,38,228
1652532639,0,93,180
1652532639,1,94,172
1652532639,1,48,171
1652532639,2,38,170
1652532639,1,31,196
1652532639,2,26,185
1652532639,1,65,189
1652532639,2,61,170
1652532639,0,83,192
1652532639,2,71,197
1652446239,0,37,146
1652446239,0,25,134
1652446239,1,66,133
1652446239,0,52,134
1652446239,0,73,125
1652446239,0,38,149
1652446239,2,68,133
1652446239,1,38,133
1652446239,1,34,133
1652446239,2,95,139
1652359839,0,67,93
1652359839,0,40,100
1652359839,1,73,92
1652359839,1,35,105
1652359839,1,46,102
1652359839,0,74,91
1652359839,0,6,106
1652359839,1,73,98
1652359839,0,89,108
1652359839,2,43,101
1652273439,1,39,73
1652273439,2,43,74
1652273439,2,21,66
1652273439,0,32,76
1652273439,0,72,68
1652273439,0,23,78
1652273439,1,93,75
1652273439,0,12,74
1652273439,2,34,77
1652273439,0,26,70
1652187039,2,73,80
1652187039,2,10,85
1652187039,0,27,82
1652187039,0,65,85
1652187039,1,2,81
1652187039,1,62,83
1652187039,1,28,86
1652187039,0,76,79
1652187039,0,54,79
1652187039,2,46,80
1652100639,1,92,95
1652100639,1,52,99
1652100639,0,95,110
1652100639,1,65,108
1652100639,0,51,112
1652100639,2,74,111
1652100639,1,5,104
1652100639,1,0,99
1652100639,1,89,113
1652100639,0,69,96
1652014239,2,95,132
1652014239,2,82,140
1652014239,2,36,138
1652014239,1,69,148
1652014239,2,52,141
1652014239,2,74,131
1652014239,1,38,126
1652014239,2,56,140
1652014239,0,70,146
1652014239,0,32,142
1651927839,1,94,162
1651927839,1,53,185
1651927839,1,84,161
1651927839,0,11,160
1651927839,1,34,189
1651927839,1,100,183
1651927839,2,95,190
1651927839,1,49,189
1651927839,0,61,182
1651927839,0,53,169
1651841439,0,33,229
1651841439,0,75,224
1651841439,1,33,238
1651841439,1,94,232
1651841439,2,35,233
1651841439,1,99,237
1651841439,0,91,237
1651841439,1,91,233
1651841439,0,8,214
1651841439,0,19,220
1651755039,0,32,266
1651755039,1,99,263
1651755039,1,83,303
1651755039,0,0,262
1651755039,1,78,260
1651755039,2,27,291
1651755039,1,44,260
1651755039,2,13,304
1651755039,2,86,283
1651755039,2,94,264
1651668639,2,35,350
1651668639,1,90,334
1651668639,0,86,339
1651668639,1,15,385
1651668639,1,87,393
1651668639,1,50,342
1651668639,2,61,341
1651668639,0,49,353
1651668639,0,66,360
1651668639,1,95,396
1651582239,1,81,497
1651582239,0,100,507
1651582239,1,62,441
1651582239,0,96,521
1651582239,2,44,518
1651582239,1,7,497
1651582239,2,56,466
1651582239,0,29,493
1651582239,1,34,518
1651582239,0,52,446
1651495839,1,24,615
1651495839,2,80,639
1651495839,0,68,669
1651495839,2,65,582
1651495839,1,34,598
1651495839,1,89,602
1651495839,1,62,590
1651495839,1,47,639
1651495839,1,30,606
1651495839,0,77,660
1651409439,2,74,837
1651409439,2,19,736
1651409439,2,41,857
1651409439,2,17,776
1651409439,1,79,848
1651409439,1,42,752
1651409439,0,17,787
1651409439,0,11,859
1651409439,2,6,866
1651409439,0,87,751
1651323039,2,25,1064
1651323039,2,84,1014
1651323039,1,41,937
1651323039,0,39,1093
1651323039,0,10,1126
1651323039,0,35,1110
1651323039,2,43,1004
1651323039,2,92,1068
1651323039,1,2,967
1651323039,1,44,971
1651236639,1,98,1289
1651236639,2,73,1237
1651236639,1,9,1263
1651236639,2,13,1369
1651236639,1,31,1353
1651236639,2,6,1401
1651236639,0,10,1287
1651236639,1,47,1339
1651236639,0,86,1384
1651236639,1,1,1479
1651150239,0,45,1302
1651150239,2,92,1281
1651150239,0,77,1288
1651150239,1,51,1089
1651150239,2,73,1224
1651150239,2,67,1187
1651150239,2,53,1203
1651150239,1,38,1295
1651150239,0,80,1143
1651150239,2,17,1079
1651063839,2,14,822
1651063839,0,27,889
1651063839,1,69,783
1651063839,1,68,847
1651063839,2,33,899
1651063839,0,51,804
1651063839,2,47,795
1651063839,2,69,870
1651063839,2,71,907
1651063839,2,74,785
1650977439,1,57,652
1650977439,0,19,574
1650977439,2,18,651
1650977439,0,61,672
1650977439,1,46,678
1650977439,1,20,584
1650977439,1,56,616
1650977439,0,76,583
1650977439,1,37,650
1650977439,2,81,642
1650891039,2,1,653
1650891039,1,95,645
1650891039,1,3,730
1650891039,2,86,728
1650891039,1,47,724
1650891039,1,77,738
1650891039,0,12,740
1650891039,0,82,620
1650891039,0,14,655
1650891039,2,65,711
1650804639,1,100,605
1650804639,2,45,635
1650804639,1,89,564
1650804639,2,30,546
1650804639,2,45,644
1650804639,0,14,632
1650804639,0,90,573
1650804639,1,93,577
1650804639,1,84,613
1650804639,0,78,588
1650718239,1,45,431
1650718239,1,56,424
1650718239,2,78,460
1650718239,0,7,437
1650718239,2,14,459
1650718239,0,69,476
1650718239,2,62,437
1650718239,2,15,468
1650718239,0,61,420
1650718239,1,80,416
1650631839,2,29,312
1650631839,0,42,342
1650631839,2,31,359
1650631839,2,60,347
1650631839,1,83,324
1650631839,1,56,351
1650631839,2,15,362
1650631839,1,16,319
1650631839,0,48,353
1650631839,0,3,309
1650545439,1,98,381
1650545439,2,64,369
1650545439,0,19,400
1650545439,0,32,335
1650545439,1,50,362
1650545439,2,89,383
1650545439,0,69,364
1650545439,1,20,355
1650545439,1,84,363
1650545439,0,99,401
1650459039,0,22,337
1650459039,2,2,316
1650459039,1,30,294
1650459039,2,92,313
1650459039,2,64,298
1650459039,0,50,348
1650459039,0,72,295
1650459039,1,11,301
1650459039,2,61,294
1650459039,2,30,290
1650372639,1,59,349
1650372639,2,53,335
1650372639,2,17,354
1650372639,2,81,371
1650372639,2,53,335
1650372639,2,50,363
1650372639,0,63,349
1650372639,1,19,347
1650372639,2,35,336
1650372639,2,79,324
1650286239,1,18,284
1650286239,1,32,290
1650286239,1,35,304
1650286239,1,1,277
1650286239,0,32,282
1650286239,0,9,319
1650286239,2,68,307
1650286239,0,69,295
1650286239,2,30,304
1650286239,0,70,297
1650199839,2,25,205
1650199839,2,9,209
1650199839,2,7,201
1650199839,2,51,224
1650199839,1,87,208
1650199839,2,76,208
1650199839,2,68,234
1650199839,0,30,224
1650199839,0,36,212
1650199839,2,92,225
1650113439,2,22,159
1650113439,1,90,154
1650113439,1,62,163
1650113439,0,65,164
1650113439,0,90,174
1650113439,0,37,151
1650113439,2,47,173
1650113439,1,79,148
1650113439,0,100,165
1650113439,0,16,151
1650027039,1,81,175
1650027039,2,26,192
1650027039,2,50,167
1650027039,2,27,184
1650027039,2,66,168
1650027039,2,74,176
1650027039,2,0,167
1650027039,0,97,184
1650027039,2,61,194
1650027039,2,29,177
1649940639,2,21,251
1649940639,2,70,241
1649940639,0,52,226
1649940639,2,53,234
1649940639,1,63,215
1649940639,2,16,220
1649940639,2,2,238
1649940639,0,62,222
1649940639,1,93,243
1649940639,1,31,215
1649854239,2,95,273
1649854239,1,56,283
1649854239,0,76,303
1649854239,0,65,295
1649854239,2,46,283
1649854239,0,46,313
1649854239,2,96,320
1649854239,0,43,328
1649854239,0,58,273
1649854239,2,22,328
1649767839,1,60,359
1649767839,2,64,362
1649767839,2,50,365
1649767839,1,65,427
1649767839,2,38,404
1649767839,1,45,414
1649767839,0,70,415
1649767839,0,54,392
1649767839,2,95,394
1649767839,0,76,429
1649681439,1,8,356
1649681439,1,50,376
1649681439,0,73,324
1649681439,0,73,377
1649681439,0,12,352
1649681439,1,47,314
1649681439,2,47,319
1649681439,1,81,320
1649681439,2,57,352
1649681439,2,69,310
1649595039,1,46,362
1649595039,0,74,353
1649595039,2,13,386
1649595039,1,65,388
1649595039,1,43,368
1649595039,2,47,339
1649595039,2,8,366
1649595039,1,96,385
1649595039,2,36,408
1649595039,2,10,344
1649508639,1,52,451
1649508639,0,36,511
1649508639,2,82,474
1649508639,0,26,453
1649508639,1,92,502
1649508639,0,94,506
1649508639,1,100,467
1649508639,2,9,511
1649508639,1,43,478
1649508639,2,17,445
1649422239,1,95,373
1649422239,0,40,422
1649422239,2,20,440
1649422239,0,90,444
1649422239,2,84,449
1649422239,2,54,392
1649422239,0,29,383
1649422239,2,16,444
1649422239,2,15,403
1649422239,1,25,376
1649335839,1,42,309
1649335839,2,45,284
1649335839,2,1,270
1649335839,1,4,280
1649335839,1,70,272
1649335839,0,29,318
1649335839,0,67,322
1649335839,0,4,303
1649335839,0,26,298
1649335839,1,31,301
1649249439,1,41,220
1649249439,2,9,207
1649249439,2,23,207
1649249439,2,79,214
1649249439,2,54,234
1649249439,1,46,196
1649249439,1,2,201
1649249439,2,80,231
1649249439,2,79,222
1649249439,2,74,216
1649163039,0,82,155
1649163039,0,89,158
1649163039,1,77,160
1649163039,2,70,172
1649163039,2,61,161
1649163039,2,94,160
1649163039,1,77,157
1649163039,0,34,163
1649163039,2,38,160
1649163039,1,77,159
1649076639,1,39,168
1649076639,2,96,170
1649076639,1,58,190
1649076639,0,65,196
1649076639,0,89,198
1649076639,1,89,177
1649076639,1,55,171
1649076639,2,14,190
1649076639,0,32,202
1649076639,2,6,187
1648990239,0,41,167
1648990239,1,75,149
1648990239,0,91,151
1648990239,1,15,150
1648990239,0,99,164
1648990239,1,77,167
1648990239,0,3,157
1648990239,2,95,169
1648990239,1,37,170
1648990239,1,67,175
1648903839,0,52,175
1648903839,2,5,176
1648903839,2,28,176
1648903839,2,50,185
1648903839,0,79,170
1648903839,2,38,184
1648903839,0,91,180
1648903839,1,63,171
1648903839,2,18,162
1648903839,1,55,182
1648817439,1,40,153
1648817439,0,74,154
1648817439,1,70,155
1648817439,1,54,134
1648817439,1,96,136
1648817439,2,62,137
1648817439,2,28,161
1648817439,2,95,154
1648817439,2,33,147
1648817439,1,100,141
1648731039,0,76,176
1648731039,2,65,154
1648731039,0,37,147
1648731039,0,27,144
1648731039,2,7,171
1648731039,2,91,145
1648731039,0,7,144
1648731039,0,68,165
1648731039,1,100,145
1648731039,2,1,157
1648644639,0,34,136
1648644639,2,70,143
1648644639,1,29,132
1648644639,0,50,155
1648644639,0,30,144
1648644639,2,57,128
1648644639,1,41,140
1648644639,0,2,145
1648644639,0,64,147
1648644639,0,97,132
1648558239,0,22,147
1648558239,0,7,163
1648558239,1,92,142
1648558239,0,56,142
1648558239,0,5,161
1648558239,1,44,139
1648558239,2,11,152
1648558239,0,29,159
1648558239,0,15,139
1648558239,0,6,161
1648471839,0,100,190
1648471839,1,91,192
1648471839,2,54,191
1648471839,2,4,192
1648471839,0,41,198
1648471839,1,58,200
1648471839,2,49,181
1648471839,1,31,207
1648471839,1,22,214
1648471839,2,14,191
1648385439,1,35,265
1648385439,1,42,279
1648385439,1,52,260
1648385439,1,45,251
1648385439,1,60,263
1648385439,0,47,239
1648385439,1,21,250
1648385439,2,16,266
1648385439,2,93,240
1648385439,0,58,272
1648299039,0,20,311
1648299039,2,32,331
1648299039,1,82,341
1648299039,0,35,361
1648299039,1,9,355
1648299039,0,70,346
1648299039,1,13,320
1648299039,2,40,309
1648299039,2,23,362
1648299039,2,4,306
1648212639,2,45,437
1648212639,2,45,455
1648212639,2,85,438
1648212639,1,83,406
1648212639,0,48,395
1648212639,1,78,417
1648212639,0,31,429
1648212639,1,72,442
1648212639,0,46,397
1648212639,0,37,463
1648126239,0,12,517
1648126239,0,47,564
1648126239,1,18,520
1648126239,0,9,539
1648126239,2,65,565
1648126239,2,76,610
1648126239,2,55,610
1648126239,1,74,565
1648126239,1,23,565
1648126239,1,25,555
1648039839,1,26,717
1648039839,0,17,712
1648039839,0,20,783
1648039839,1,23,671
1648039839,1,10,719
1648039839,2,89,713
1648039839,0,56,709
1648039839,2,43,701
1648039839,2,88,663
1648039839,0,40,781
1647953439,0,6,674
1647953439,1,63,636
1647953439,1,17,627
1647953439,0,65,605
1647953439,2,94,684
1647953439,2,85,604
1647953439,2,40,678
1647953439,2,11,626
1647953439,1,53,673
1647953439,0,33,573
1647867039,0,23,455
1647867039,0,40,447
1647867039,1,39,476
1647867039,1,1,451
1647867039,0,81,451
1647867039,0,14,469
1647867039,1,78,441
1647867039,1,45,497
1647867039,2,72,477
1647867039,2,36,491
1647780639,2,22,518
1647780639,0,45,489
1647780639,1,45,543
1647780639,2,72,566
1647780639,0,50,534
1647780639,0,61,566
1647780639,0,4,570
1647780639,2,31,487
1647780639,2,9,481
1647780639,2,64,537
1647694239,1,89,452
1647694239,2,21,483
1647694239,2,63,461
1647694239,0,49,481
1647694239,2,71,468
1647694239,0,75,486
1647694239,1,6,458
1647694239,1,56,441
1647694239,2,82,495
1647694239,2,38,422
1647607839,1,24,325
1647607839,0,56,310
1647607839,1,72,348
1647607839,0,72,367
1647607839,1,1,334
1647607839,2,7,361
1647607839,2,20,370
1647607839,0,51,364
1647607839,0,40,338
1647607839,0,21,347
1647521439,0,94,402
1647521439,1,29,405
1647521439,2,54,394
1647521439,1,65,405
1647521439,1,21,401
1647521439,2,64,374
1647521439,2,100,361
1647521439,1,86,354
1647521439,2,0,378
1647521439,0,54,383
1647435039,2,22,348
1647435039,1,68,348
1647435039,1,26,298
1647435039,0,92,305
1647435039,0,68,341
1647435039,0,56,342
1647435039,0,60,349
1647435039,2,75,296
1647435039,2,24,349
1647435039,1,49,329
1647348639,0,76,231
1647348639,0,99,215
1647348639,2,7,256
1647348639,0,70,228
1647348639,1,40,242
1647348639,1,95,220
1647348639,1,6,243
1647348639,1,52,243
1647348639,1,64,220
1647348639,0,51,248
1647262239,2,94,185
1647262239,2,19,175
1647262239,0,44,163
1647262239,2,24,169
1647262239,0,58,164
1647262239,0,89,161
1647262239,1,6,184
1647262239,0,47,175
1647262239,1,50,155
1647262239,1,62,183
1647175839,2,91,187
1647175839,2,74,192
1647175839,1,96,186
1647175839,0,12,199
1647175839,0,57,177
1647175839,1,13,202
1647175839,0,68,188
1647175839,1,63,203
1647175839,2,43,188
1647175839,2,75,197
1647089439,1,88,172
1647089439,2,27,157
1647089439,0,68,159
1647089439,2,31,150
1647089439,1,79,150
1647089439,1,53,148
1647089439,1,46,170
1647089439,2,76,173
1647089439,0,100,165
1647089439,0,40,172
1647003039,2,99,113
1647003039,0,49,128
1647003039,1,77,127
1647003039,0,29,110
1647003039,2,40,120
1647003039,0,90,117
1647003039,0,55,108
1647003039,1,11,121
1647003039,0,14,125
1647003039,2,22,118
1646916639,1,55,127
1646916639,2,81,139
1646916639,2,35,123
1646916639,0,20,122
1646916639,2,20,121
1646916639,0,56,135
1646916639,2,16,130
1646916639,0,42,136
1646916639,2,89,138
1646916639,1,76,121
1646830239,1,99,161
1646830239,0,30,181
1646830239,2,62,152
1646830239,2,11,158
1646830239,2,60,159
1646830239,0,46,158
1646830239,1,94,172
1646830239,0,49,180
1646830239,0,67,179
1646830239,0,92,165
1646743839,2,0,215
1646743839,0,34,229
1646743839,0,9,202
1646743839,0,51,217
1646743839,0,57,232
1646743839,2,90,237
1646743839,1,85,213
1646743839,0,55,219
1646743839,2,44,220
1646743839,1,55,219
1646657439,0,25,175
1646657439,0,30,186
1646657439,0,30,196
1646657439,1,100,199
1646657439,2,12,174
1646657439,0,67,171
1646657439,0,55,188
1646657439,1,16,186
1646657439,2,98,194
1646657439,1,99,192
1646571039,2,6,140
1646571039,1,16,146
1646571039,2,46,142
1646571039,0,44,127
1646571039,0,81,144
1646571039,0,55,128
1646571039,0,46,128
1646571039,0,36,124
1646571039,1,81,124
1646571039,1,8,148
1646484639,1,11,105
1646484639,2,77,106
1646484639,0,16,107
1646484639,2,90,102
1646484639,2,77,107
1646484639,1,30,106
1646484639,1,61,100
1646484639,1,14,92
1646484639,0,75,109
1646484639,2,47,93
1646398239,1,13,105
1646398239,0,88,119
1646398239,2,11,99
1646398239,2,55,106
1646398239,0,39,114
1646398239,2,7,117
1646398239,1,71,108
1646398239,1,80,100
1646398239,2,76,99
1646398239,1,79,114
1646311839,0,34,97
1646311839,1,56,104
1646311839,0,34,103
1646311839,0,95,101
1646311839,1,37,105
1646311839,2,23,97
1646311839,2,84,99
1646311839,2,88,100
1646311839,2,71,99
1646311839,1,96,94
1646225439,0,8,105
1646225439,1,14,112
1646225439,1,39,118
1646225439,1,17,104
1646225439,2,17,115
1646225439,0,57,116
1646225439,2,72,111
1646225439,2,47,105
1646225439,2,1,118
1646225439,0,98,109
1646139039,0,100,100
1646139039,1,1,94
1646139039,2,64,86
1646139039,2,51,89
1646139039,0,87,96
1646139039,2,79,104
1646139039,1,11,101
1646139039,2,43,104
1646139039,2,5,92
1646139039,0,7,89
1646052639,0,71,109
1646052639,1,96,99
1646052639,0,68,97
1646052639,0,27,95
1646052639,2,45,111
1646052639,1,34,112
1646052639,0,36,111
1646052639,0,8,112
1646052639,1,7,93
1646052639,1,78,102
1645966239,1,55,83
1645966239,0,27,82
1645966239,2,96,94
1645966239,1,45,92
1645966239,2,18,86
1645966239,0,29,82
1645966239,1,8,95
1645966239,1,27,88
1645966239,1,19,97
1645966239,1,13,96
1645879839,0,60,64
1645879839,1,99,72
1645879839,2,37,63
1645879839,0,88,70
1645879839,1,84,60
1645879839,1,58,68
1645879839,0,16,63
1645879839,1,82,61
1645879839,1,89,69
1645879839,1,25,68
1645793439,0,31,47
1645793439,1,73,45
1645793439,0,63,49
1645793439,2,82,50
1645793439,1,70,50
1645793439,0,80,50
1645793439,0,54,46
1645793439,0,37,50
1645793439,2,55,45
1645793439,0,76,48
1645707039,2,54,35
1645707039,2,98,33
1645707039,1,100,34
1645707039,2,91,37
1645707039,1,86,38
1645707039,0,71,38
1645707039,2,12,39
1645707039,1,58,35
1645707039,0,36,34
1645707039,0,52,38
1645620639,0,61,29
1645620639,2,16,29
1645620639,1,62,26
1645620639,2,3,28
1645620639,0,52,29
1645620639,0,31,25
1645620639,1,10,27
1645620639,2,5,27
1645620639,0,8,25
1645620639,0,74,27
1645534239,1,11,22
1645534239,1,79,20
1645534239,1,98,19
1645534239,2,45,22
1645534239,0,41,22
1645534239,0,31,19
1645534239,1,39,22
1645534239,1,91,20
1645534239,2,0,21
1645534239,1,84,19
1645447839,0,20,20
1645447839,1,51,21
1645447839,0,21,24
1645447839,2,9,22
1645447839,1,90,21
1645447839,0,4,23
1645447839,0,51,20
1645447839,2,39,21
1645447839,2,81,22
1645447839,2,83,23
1645361439,0,8,18
1645361439,0,15,22
1645361439,1,91,22
1645361439,1,1,22
1645361439,0,58,21
1645361439,2,14,19
1645361439,0,31,20
1645361439,0,66,22
1645361439,1,39,20
1645361439,1,34,20
1645275039,0,1,22
1645275039,0,26,19
1645275039,1,57,21
1645275039,0,31,19
1645275039,0,3,20
1645275039,2,17,23
1645275039,2,87,19
1645275039,1,93,19
1645275039,2,29,22
1645275039,0,68,19
1645188639,0,8,25
1645188639,0,41,29
1645188639,0,66,29
1645188639,1,24,28
1645188639,0,69,27
1645188639,1,33,29
1645188639,1,51,29
1645188639,2,68,28
1645188639,1,11,26
1645188639,1,72,28
1645102239,2,26,35
1645102239,0,66,31
1645102239,1,18,32
1645102239,1,50,31
1645102239,1,93,37
1645102239,2,60,37
1645102239,2,100,31
1645102239,2,4,32
1645102239,2,52,35
1645102239,1,69,33
1645015839,0,27,28
1645015839,1,90,30
1645015839,1,66,27
1645015839,2,34,28
1645015839,2,66,32
1645015839,2,20,28
1645015839,0,26,30
1645015839,0,6,32
1645015839,1,36,27
1645015839,0,12,33
1644929439,2,75,32
1644929439,1,22,35
1644929439,0,72,32
1644929439,2,13,35
1644929439,2,51,35
1644929439,0,8,30
1644929439,1,64,32
1644929439,1,65,34
1644929439,1,55,35
1644929439,2,31,35
1644843039,1,51,28
1644843039,1,72,27
1644843039,1,79,26
1644843039,0,87,30
1644843039,2,44,26
1644843039,0,53,30
1644843039,1,7,29
1644843039,0,80,27
1644843039,1,44,30
1644843039,0,42,26
1644756639,2,67,34
1644756639,2,42,29
1644756639,2,21,31
1644756639,2,39,33
1644756639,1,93,29
1644756639,1,95,31
1644756639,0,64,30
1644756639,0,36,30
1644756639,0,72,28
1644756639,1,80,32
1644670239,0,37,37
1644670239,0,58,41
1644670239,1,81,43
1644670239,2,60,37
1644670239,2,62,37
1644670239,2,4,36
1644670239,0,35,36
1644670239,1,39,38
1644670239,2,61,41
1644670239,0,58,41
1644583839,0,44,46
1644583839,0,56,54
1644583839,0,50,48
1644583839,0,29,47
1644583839,1,5,48
1644583839,1,0,53
1644583839,2,79,54
1644583839,0,4,52
1644583839,0,32,56
1644583839,2,56,49
1644497439,2,91,67
1644497439,1,51,69
1644497439,1,34,68
1644497439,1,72,61
1644497439,0,60,72
1644497439,2,53,63
1644497439,1,20,69
1644497439,2,99,69
1644497439,2,64,70
1644497439,0,34,67
1644411039,1,44,60
1644411039,1,70,59
1644411039,1,30,58
1644411039,2,69,61
1644411039,0,33,53
1644411039,2,9,57
1644411039,2,49,55
1644411039,1,98,62
1644411039,1,62,53
1644411039,0,61,54
1644324639,0,14,63
1644324639,0,22,58
1644324639,0,59,65
1644324639,2,83,64
1644324639,0,7,61
1644324639,0,67,64
1644324639,2,82,60
1644324639,1,76,64
1644324639,0,43,62
1644324639,1,83,63
1644238239,0,29,84
1644238239,2,56,79
1644238239,1,54,77
1644238239,2,93,82
1644238239,1,75,75
1644238239,0,19,84
1644238239,0,42,76
1644238239,1,8,81
1644238239,2,40,80
1644238239,0,18,83
1644151839,2,26,105
1644151839,2,29,101
1644151839,2,67,110
1644151839,2,20,96
1644151839,1,21,94
1644151839,2,51,103
1644151839,1,44,91
1644151839,2,9,90
1644151839,1,31,94
1644151839,0,50,104
1644065439,2,34,93
1644065439,2,43,95
1644065439,1,10,81
1644065439,0,71,95
1644065439,0,11,80
1644065439,0,3,85
1644065439,1,24,94
1644065439,1,91,96
1644065439,1,89,88
1644065439,2,49,83
1643979039,1,30,59
1643979039,2,93,63
1643979039,0,87,67
1643979039,0,80,69
1643979039,1,81,58
1643979039,1,44,70
1643979039,2,2,69
1643979039,2,56,63
1643979039,2,1,70
1643979039,2,40,69
1643892639,2,97,43
1643892639,2,87,50
1643892639,2,88,44
1643892639,1,51,44
1643892639,2,2,43
1643892639,2,76,49
1643892639,1,22,49
1643892639,2,5,45
1643892639,1,66,49
1643892639,2,21,50
1643806239,2,76,50
1643806239,2,86,46
1643806239,1,69,55
1643806239,1,18,51
1643806239,0,58,52
1643806239,2,71,56
1643806239,0,64,56
1643806239,0,77,55
1643806239,2,50,50
1643806239,1,62,46
1643719839,0,81,65
1643719839,1,35,62
1643719839,1,1,62
1643719839,2,13,68
1643719839,0,59,64
1643719839,0,5,64
1643719839,0,13,62
1643719839,2,4,70
1643719839,2,14,61
1643719839,1,53,63
1643633439,0,6,57
1643633439,2,79,54
1643633439,0,68,60
1643633439,1,21,56
1643633439,2,50,59
1643633439,2,85,53
1643633439,1,67,52
1643633439,2,96,51
1643633439,0,73,55
1643633439,0,57,52
1643547039,2,6,66
1643547039,1,70,59
1643547039,2,79,67
1643547039,1,58,61
1643547039,0,82,58
1643547039,1,82,65
1643547039,0,65,63
1643547039,2,3,60
1643547039,2,57,56
1643547039,1,86,57
1643460639,0,47,80
1643460639,0,42,76
1643460639,2,28,72
1643460639,0,90,87
1643460639,1,82,76
1643460639,1,85,82
1643460639,1,79,86
1643460639,0,32,73
1643460639,2,37,88
1643460639,1,25,78
1643374239,2,30,107
1643374239,1,32,95
1643374239,1,98,111
1643374239,0,54,110
1643374239,0,66,103
1643374239,0,28,98
1643374239,1,51,99
1643374239,0,85,109
1643374239,2,85,101
1643374239,0,27,103
1643287839,2,41,92
1643287839,2,32,85
1643287839,0,28,89
1643287839,1,99,81
1643287839,1,2,86
1643287839,2,25,89
1643287839,2,29,83
1643287839,1,88,92
1643287839,2,47,87
1643287839,0,0,93
1643201439,2,42,69
1643201439,1,43,68
1643201439,2,32,65
1643201439,2,35,71
1643201439,1,78,60
1643201439,1,28,68
1643201439,1,44,71
1643201439,1,91,59
1643201439,0,76,67
1643201439,0,21,68
1643115039,2,56,76
1643115039,1,54,69
1643115039,2,0,64
1643115039,1,19,74
1643115039,2,26,76
1643115039,1,85,77
1643115039,1,63,64
1643115039,1,100,73
1643115039,0,91,73
1643115039,1,27,73
1643028639,2,99,84
1643028639,1,37,87
1643028639,1,82,99
1643028639,1,60,87
1643028639,1,42,99
1643028639,1,26,91
1643028639,0,39,99
1643028639,2,37,98
1643028639,1,33,88
1643028639,1,33,93
1642942239,1,49,128
1642942239,1,84,122
1642942239,2,21,119
1642942239,0,11,125
1642942239,0,40,108
1642942239,2,95,116
1642942239,0,53,110
1642942239,2,80,129
1642942239,1,16,107
1642942239,1,30,126
1642855839,2,55,101
1642855839,2,10,95
1642855839,1,2,114
1642855839,1,3,99
1642855839,2,35,113
1642855839,0,54,103
1642855839,2,21,95
1642855839,0,63,106
1642855839,2,87,97
1642855839,1,36,107
1642769439,0,42,116
1642769439,2,73,118
1642769439,2,26,121
1642769439,2,86,105
1642769439,1,81,115
1642769439,2,22,110
1642769439,2,62,105
1642769439,2,53,124
1642769439,1,27,111
1642769439,0,36,104
1642683039,0,23,153
1642683039,1,96,148
1642683039,2,55,143
1642683039,0,38,159
1642683039,0,61,139
1642683039,1,70,140
1642683039,0,5,155
1642683039,1,70,134
1642683039,2,64,143
1642683039,0,93,146
1642596639,0,32,121
1642596639,2,89,122
1642596639,0,22,140
1642596639,2,87,134
1642596639,2,48,132
1642596639,2,92,116
1642596639,0,51,137
1642596639,0,85,116
1642596639,2,53,140
1642596639,2,98,121
1642510239,2,99,138
1642510239,2,53,132
1642510239,0,28,128
1642510239,2,57,143
1642510239,2,42,147
1642510239,2,32,132
1642510239,2,76,134
1642510239,1,31,147
1642510239,1,79,134
1642510239,2,18,148
1642423839,1,74,177
1642423839,2,82,174
1642423839,0,68,161
1642423839,0,27,177
1642423839,0,94,180
1642423839,0,20,162
1642423839,2,28,184
1642423839,1,32,173
1642423839,2,33,184
1642423839,0,98,162
1642337439,2,63,225
1642337439,1,46,223
1642337439,1,79,210
1642337439,1,35,214
1642337439,1,79,207
1642337439,2,45,207
1642337439,1,7,202
1642337439,1,9,229
1642337439,0,58,217
1642337439,0,34,219
1642251039,2,86,286
1642251039,1,100,274
1642251039,1,54,295
1642251039,1,77,293
1642251039,1,97,259
1642251039,2,55,272
1642251039,1,12,252
1642251039,2,20,292
1642251039,1,46,283
1642251039,1,90,271
1642164639,1,6,374
1642164639,2,25,333
1642164639,0,88,380
1642164639,1,22,336
1642164639,0,79,331
1642164639,2,44,360
1642164639,2,56,340
1642164639,1,80,380
1642164639,2,23,323
1642164639,2,25,350
1642078239,0,35,482
1642078239,0,0,458
1642078239,1,27,417
1642078239,1,84,497
1642078239,0,16,419
1642078239,2,20,486
1642078239,1,34,427
1642078239,0,24,431
1642078239,2,53,438
1642078239,1,69,473
1641991839,2,8,639
1641991839,1,31,563
1641991839,0,87,556
1641991839,0,24,615
1641991839,2,89,555
1641991839,2,33,545
1641991839,2,47,547
1641991839,1,67,572
1641991839,0,84,609
1641991839,1,55,637
1641905439,2,90,532
1641905439,0,16,531
1641905439,2,15,562
1641905439,1,94,515
1641905439,1,28,517
1641905439,2,71,511
1641905439,1,85,533
1641905439,0,6,559
1641905439,0,47,540
1641905439,1,20,545
1641819039,2,47,414
1641819039,0,58,394
1641819039,2,61,437
1641819039,1,76,395
1641819039,0,77,397
1641819039,1,13,380
1641819039,2,29,423
1641819039,2,27,407
1641819039,1,91,376
1641819039,1,26,375
1641732639,2,38,484
1641732639,0,54,406
1641732639,1,41,458
1641732639,0,82,418
1641732639,0,64,411
1641732639,2,48,425
1641732639,0,65,468
1641732639,1,47,475
1641732639,1,3,487
1641732639,2,85,460
1641646239,0,66,352
1641646239,2,80,356
1641646239,2,25,391
1641646239,0,17,407
1641646239,2,22,408
1641646239,0,18,383
1641646239,2,48,362
1641646239,2,15,360
1641646239,2,49,412
1641646239,1,26,355
1641559839,1,28,284
1641559839,0,21,269
1641559839,0,67,296
1641559839,1,82,298
1641559839,1,61,306
1641559839,2,73,305
1641559839,2,30,302
1641559839,0,36,261
1641559839,2,1,302
1641559839,0,79,274
1641473439,2,83,293
1641473439,1,69,287
1641473439,1,92,290
1641473439,2,5,332
1641473439,2,17,302
1641473439,2,95,304
1641473439,1,95,294
1641473439,1,59,335
1641473439,0,50,305
1641473439,0,36,295
1641387039,1,47,282
1641387039,0,12,270
1641387039,1,39,286
1641387039,0,38,289
1641387039,2,28,289
1641387039,1,42,255
1641387039,0,6,243
1641387039,2,23,280
1641387039,1,41,287
1641387039,0,34,293
1641300639,2,34,180
1641300639,2,81,191
1641300639,0,16,202
1641300639,1,34,207
1641300639,0,49,183
1641300639,1,88,202
1641300639,0,29,209
1641300639,2,55,212
1641300639,1,1,176
1641300639,0,99,206
1641214239,1,9,228
1641214239,0,71,231
1641214239,2,19,198
1641214239,1,17,229
1641214239,2,93,211
1641214239,0,16,198
1641214239,2,88,197
1641214239,0,99,192
1641214239,2,35,207
1641214239,1,0,199
1641127839,0,58,295
1641127839,1,91,275
1641127839,1,87,258
1641127839,1,54,298
1641127839,1,100,278
1641127839,1,37,280
1641127839,0,34,250
1641127839,1,29,294
1641127839,0,63,253
1641127839,0,10,288
1641041439,0,100,256
1641041439,0,16,261
1641041439,1,94,255
1641041439,1,28,253
1641041439,2,35,227
1641041439,2,27,226
1641041439,0,42,238
1641041439,0,15,251
1641041439,0,26,237
1641041439,2,68,244
1640955039,1,73,266
1640955039,0,23,283
1640955039,0,45,298
1640955039,0,87,275
1640955039,2,10,273
1640955039,1,27,248
1640955039,0,85,284
1640955039,1,42,269
1640955039,1,74,264
1640955039,1,66,283
1640868639,2,9,228
1640868639,1,44,249
1640868639,2,63,238
1640868639,2,15,244
1640868639,1,1,230
1640868639,1,52,258
1640868639,2,17,228
1640868639,1,90,248
1640868639,2,5,226
1640868639,2,39,219
1640782239,1,81,273
1640782239,0,23,281
1640782239,2,71,264
1640782239,2,31,265
1640782239,1,6,245
1640782239,1,46,268
1640782239,1,95,260
1640782239,0,72,263
1640782239,0,87,280
1640782239,2,29,263
1640695839,0,75,226
1640695839,2,66,214
1640695839,0,90,216
1640695839,0,2,225
1640695839,0,30,236
1640695839,2,83,229
1640695839,2,53,213
1640695839,0,0,217
1640695839,2,68,206
1640695839,2,19,238
1640609439,0,18,257
1640609439,1,29,246
1640609439,1,93,231
1640609439,0,32,249
1640609439,1,76,225
1640609439,2,7,266
1640609439,1,4,269
1640609439,2,40,242
1640609439,1,86,270
1640609439,1,39,247
1640523039,1,86,202
1640523039,2,87,236
1640523039,0,91,201
1640523039,1,9,208
1640523039,0,80,195
1640523039,0,60,199
1640523039,0,43,208
1640523039,1,36,224
1640523039,1,89,230
1640523039,2,91,227
1640436639,2,59,235
1640436639,0,93,212
1640436639,0,38,257
1640436639,2,57,224
1640436639,2,37,237
1640436639,0,82,249
1640436639,2,50,235
1640436639,2,59,225
1640436639,0,63,211
1640436639,1,34,241
1640350239,1,96,193
1640350239,2,92,193
1640350239,0,88,214
1640350239,1,27,212
1640350239,0,93,197
1640350239,2,87,210
1640350239,1,47,219
1640350239,0,8,218
1640350239,2,20,188
1640350239,2,99,199
1640263839,2,92,150
1640263839,2,39,145
1640263839,1,17,136
1640263839,2,57,149
1640263839,2,86,154
1640263839,1,55,158
1640263839,1,27,160
1640263839,1,26,157
1640263839,1,73,164
1640263839,1,34,157
1640177439,1,36,107
1640177439,1,8,102
1640177439,1,57,108
1640177439,2,29,115
1640177439,1,31,103
1640177439,0,32,106
1640177439,1,3,112
1640177439,1,28,103
1640177439,0,10,104
1640177439,1,77,111
1640091039,1,77,122
1640091039,1,1,119
1640091039,0,15,133
1640091039,1,36,133
1640091039,2,38,132
1640091039,1,70,111
1640091039,2,95,131
1640091039,0,12,134
1640091039,0,66,125
1640091039,1,14,111
1640004639,2,40,107
1640004639,0,39,112
1640004639,0,44,107
1640004639,2,80,104
1640004639,1,95,106
1640004639,0,36,114
1640004639,1,71,100
1640004639,2,4,102
1640004639,0,49,108
1640004639,1,60,103
1639918239,0,96,116
1639918239,0,69,128
1639918239,2,72,108
1639918239,1,69,122
1639918239,0,79,124
1639918239,1,13,111
1639918239,2,72,108
1639918239,1,11,123
1639918239,0,45,126
1639918239,0,52,123
1639831839,1,24,93
1639831839,0,60,108
1639831839,1,55,113
1639831839,2,12,106
1639831839,1,70,109
1639831839,1,100,95
1639831839,0,54,97
1639831839,1,99,99
1639831839,0,58,104
1639831839,0,75,112
1639745439,2,12,81
1639745439,0,77,73
1639745439,0,20,73
1639745439,0,26,79
1639745439,1,71,77
1639745439,0,62,77
1639745439,1,64,75
1639745439,1,46,76
1639745439,2,67,75
1639745439,0,86,82
1639659039,0,22,88
1639659039,0,83,83
1639659039,0,99,83
1639659039,2,31,93
1639659039,0,10,94
1639659039,2,70,91
1639659039,1,78,92
1639659039,2,82,95
1639659039,2,87,92
1639659039,1,35,94
1639572639,2,84,109
1639572639,1,4,111
1639572639,2,100,107
1639572639,1,27,107
1639572639,1,56,123
1639572639,2,7,114
1639572639,2,28,124
1639572639,0,36,121
1639572639,2,72,118
1639572639,1,19,122
1639486239,2,79,146
1639486239,2,9,136
1639486239,0,3,155
1639486239,0,11,162
1639486239,0,70,142
1639486239,0,26,161
1639486239,1,43,155
1639486239,1,84,162
1639486239,1,25,160
1639486239,2,20,147
1639399839,1,14,202
1639399839,1,42,207
1639399839,0,1,178
1639399839,0,52,213
1639399839,2,27,187
1639399839,0,85,185
1639399839,1,65,176
1639399839,1,89,193
1639399839,2,39,184
1639399839,1,6,177
1639313439,0,97,231
1639313439,2,40,231
1639313439,0,32,236
1639313439,0,32,280
1639313439,2,73,261
1639313439,1,24,234
1639313439,0,36,231
1639313439,2,30,240
1639313439,2,22,245
1639313439,2,78,259
1639227039,0,25,349
1639227039,2,81,324
1639227039,1,12,313
1639227039,1,29,351
1639227039,1,69,320
1639227039,1,17,341
1639227039,2,15,341
1639227039,2,12,329
1639227039,1,51,315
1639227039,0,50,364
1639140639,1,88,453
1639140639,1,47,416
1639140639,0,61,463
1639140639,0,66,461
1639140639,2,28,410
1639140639,1,89,418
1639140639,2,46,455
1639140639,0,6,424
1639140639,0,46,401
1639140639,2,5,420
1639054239,1,94,386
1639054239,1,56,392
1639054239,2,76,391
1639054239,1,5,360
1639054239,2,33,350
1639054239,2,97,347
1639054239,1,25,375
1639054239,0,0,362
1639054239,0,91,383
1639054239,0,38,373
1638967839,0,3,294
1638967839,0,76,268
1638967839,1,23,302
1638967839,2,89,258
1638967839,0,44,297
1638967839,0,88,287
1638967839,1,62,280
1638967839,2,14,265
1638967839,2,44,254
1638967839,0,30,261
1638881439,1,17,321
1638881439,1,51,311
1638881439,1,10,276
1638881439,2,58,325
1638881439,2,45,292
1638881439,2,47,321
1638881439,1,47,330
1638881439,0,14,298
1638881439,1,34,277
1638881439,2,97,306
1638795039,1,6,269
1638795039,1,90,265
1638795039,2,58,275
1638795039,2,65,252
1638795039,0,65,240
1638795039,1,32,250
1638795039,1,25,285
1638795039,0,78,248
1638795039,1,53,274
1638795039,1,77,284
1638708639,0,33,275
1638708639,2,35,296
1638708639,0,58,312
1638708639,1,2,269
1638708639,1,65,268
1638708639,0,52,262
1638708639,1,64,307
1638708639,1,66,306
1638708639,0,49,266
1638708639,2,93,278
1638622239,1,13,266
1638622239,2,54,251
1638622239,0,33,263
1638622239,0,37,241
1638622239,1,64,226
1638622239,0,69,228
1638622239,0,40,272
1638622239,0,20,244
1638622239,2,52,258
1638622239,0,10,258
1638535839,2,8,190
1638535839,1,80,172
1638535839,1,51,183
1638535839,2,36,194
1638535839,2,9,196
1638535839,0,2,168
1638535839,0,77,186
1638535839,1,65,172
1638535839,0,89,171
1638535839,1,97,165
1638449439,1,81,198
1638449439,2,32,202
1638449439,1,39,205
1638449439,1,60,207
1638449439,1,41,205
1638449439,0,16,209
1638449439,1,81,195
1638449439,1,73,209
1638449439,2,6,197
1638449439,2,63,201
1638363039,0,57,161
1638363039,2,89,182
1638363039,0,29,173
1638363039,0,87,175
1638363039,0,53,178
1638363039,1,34,166
1638363039,2,1,182
1638363039,1,10,168
1638363039,1,92,177
1638363039,1,5,179
1638276639,1,67,183
1638276639,1,18,187
1638276639,2,48,181
1638276639,0,100,194
1638276639,0,60,207
1638276639,1,67,183
1638276639,1,19,177
1638276639,0,90,199
1638276639,1,82,190
1638276639,1,37,176
1638190239,0,27,151
1638190239,2,40,175
1638190239,1,31,169
1638190239,1,44,178
1638190239,1,87,167
1638190239,0,86,173
1638190239,0,36,163
1638190239,2,75,156
1638190239,2,93,166
1638190239,0,33,171
1638103839,1,58,181
1638103839,2,35,186
1638103839,0,63,166
1638103839,0,48,191
1638103839,1,0,192
1638103839,2,30,171
1638103839,1,19,176
1638103839,1,21,181
1638103839,1,28,176
1638103839,2,7,192
1638017439,2,86,236
1638017439,1,60,230
1638017439,1,54,211
1638017439,0,44,210
1638017439,1,13,249
1638017439,1,69,252
1638017439,2,63,228
1638017439,0,25,211
1638017439,1,63,238
1638017439,1,40,236
1637931039,0,63,220
1637931039,1,93,216
1637931039,2,14,218
1637931039,0,53,187
1637931039,2,18,206
1637931039,0,54,217
1637931039,0,18,182
1637931039,2,86,221
1637931039,0,12,187
1637931039,2,42,189
1637844639,2,82,143
1637844639,1,87,144
1637844639,0,52,159
1637844639,2,57,141
1637844639,2,99,145
1637844639,1,50,151
1637844639,2,77,136
1637844639,1,77,147
1637844639,1,13,142
1637844639,1,80,158
1637758239,1,84,149
1637758239,0,99,157
1637758239,2,84,149
1637758239,0,41,168
1637758239,0,20,173
1637758239,1,79,148
1637758239,1,70,172
1637758239,0,86,172
1637758239,0,3,155
1637758239,0,64,178
1637671839,1,16,138
1637671839,2,17,147
1637671839,2,17,146
1637671839,0,97,133
1637671839,2,30,152
1637671839,0,3,155
1637671839,0,62,146
1637671839,1,100,140
1637671839,1,81,142
1637671839,2,0,142
1637585439,2,48,170
1637585439,1,79,173
1637585439,0,98,160
1637585439,1,13,169
1637585439,2,99,170
1637585439,0,54,152
1637585439,0,66,158
1637585439,2,97,161
1637585439,1,32,172
1637585439,0,94,167
1637499039,2,44,212
1637499039,1,46,213
1637499039,2,64,215
1637499039,1,48,221
1637499039,0,6,218
1637499039,1,97,201
1637499039,0,2,209
1637499039,0,91,198
1637499039,2,60,194
1637499039,0,18,216
1637412639,0,80,256
1637412639,1,88,262
1637412639,0,29,241
1637412639,1,83,267
1637412639,2,70,268
1637412639,2,36,291
1637412639,0,1,258
1637412639,1,19,251
1637412639,0,23,258
1637412639,0,32,249
1637326239,2,99,247
1637326239,1,95,221
1637326239,1,50,253
1637326239,0,100,232
1637326239,2,45,224
1637326239,0,69,249
1637326239,0,58,249
1637326239,0,36,234
1637326239,0,43,231
1637326239,1,0,219
1637239839,1,27,276
1637239839,0,7,277
1637239839,0,58,254
1637239839,0,67,284
1637239839,2,14,283
1637239839,0,77,245
1637239839,0,22,237
1637239839,1,20,246
1637239839,1,41,239
1637239839,1,79,268
1637153439,2,36,243
1637153439,0,69,245
1637153439,2,6,221
1637153439,0,57,237
1637153439,0,65,226
1637153439,0,85,225
1637153439,0,34,246
1637153439,1,33,213
1637153439,0,0,229
1637153439,2,23,209
1637067039,0,5,154
1637067039,0,33,167
1637067039,0,92,170
1637067039,1,92,183
1637067039,1,75,157
1637067039,0,22,174
1637067039,2,95,157
1637067039,1,18,175
1637067039,0,59,176
1637067039,1,44,157
1636980639,0,12,181
1636980639,0,93,185
1636980639,2,47,171
1636980639,0,75,189
1636980639,0,71,184
1636980639,2,39,173
1636980639,0,91,192
1636980639,0,59,174
1636980639,0,10,193
1636980639,0,48,175
1636894239,0,38,148
1636894239,2,65,163
1636894239,2,61,167
1636894239,1,15,143
1636894239,2,46,154
1636894239,1,84,168
1636894239,1,27,158
1636894239,1,19,160
1636894239,1,41,170
1636894239,2,25,168
1636807839,0,84,116
1636807839,1,41,107
1636807839,2,16,110
1636807839,1,60,124
1636807839,1,72,105
1636807839,0,90,118
1636807839,0,58,119
1636807839,2,96,110
1636807839,1,32,123
1636807839,0,36,107
1636721439,0,43,86
1636721439,0,97,79
1636721439,1,27,89
1636721439,0,65,78
1636721439,1,3,88
1636721439,0,50,87
1636721439,2,97,92
1636721439,1,77,80
1636721439,2,84,78
1636721439,2,66,83
1636635039,1,60,96
1636635039,2,40,92
1636635039,2,1,100
1636635039,2,89,92
1636635039,0,48,100
1636635039,1,18,89
1636635039,2,33,87
1636635039,1,14,99
1636635039,1,6,99
1636635039,0,72,86
1636548639,1,49,127
1636548639,2,84,118
1636548639,1,91,129
1636548639,1,30,121
1636548639,0,96,115
1636548639,2,51,127
1636548639,2,5,115
1636548639,0,72,112
1636548639,2,43,113
1636548639,0,98,114
1636462239,0,65,104
1636462239,2,96,105
1636462239,1,84,107
1636462239,0,44,106
1636462239,0,28,108
1636462239,0,45,114
1636462239,1,11,108
1636462239,2,53,106
1636462239,1,9,108
1636462239,1,85,98
1636375839,2,88,106
1636375839,2,46,119
1636375839,0,44,128
1636375839,1,42,120
1636375839,2,96,106
1636375839,0,91,113
1636375839,2,12,113
1636375839,1,46,113
1636375839,2,23,120
1636375839,1,47,128
1636289439,2,85,143
1636289439,1,68,149
1636289439,1,84,164
1636289439,2,73,151
1636289439,1,65,146
1636289439,1,10,139
1636289439,0,71,146
1636289439,2,39,167
1636289439,0,54,155
1636289439,2,25,145
1636203039,0,53,205
1636203039,2,64,198
1636203039,1,77,211
1636203039,0,52,194
1636203039,2,25,210
1636203039,0,65,202
1636203039,2,96,214
1636203039,0,4,185
1636203039,1,31,208
1636203039,0,24,182
1636116639,0,10,185
1636116639,0,6,164
1636116639,1,16,186
1636116639,1,61,173
1636116639,0,77,171
1636116639,2,81,162
1636116639,2,11,189
1636116639,2,79,178
1636116639,0,29,189
1636116639,2,71,164
1636030239,1,5,183
1636030239,1,85,199
1636030239,2,9,213
1636030239,1,39,195
1636030239,0,54,205
1636030239,0,48,191
1636030239,0,83,181
1636030239,1,93,189
1636030239,2,73,199
1636030239,0,50,179
1635943839,0,31,158
1635943839,1,67,182
1635943839,2,39,186
1635943839,0,18,185
1635943839,1,79,177
1635943839,0,70,161
1635943839,0,34,188
1635943839,0,63,182
1635943839,0,18,174
1635943839,1,56,171
1635857439,1,75,126
1635857439,2,50,139
1635857439,2,79,133
1635857439,0,2,121
1635857439,2,28,122
1635857439,2,86,126
1635857439,1,71,139
1635857439,0,10,115
1635857439,0,82,125
1635857439,0,92,121
1635771039,0,70,85
1635771039,2,20,84
1635771039,1,81,91
1635771039,2,90,93
1635771039,1,54,94
1635771039,0,0,101
1635771039,1,16,88
1635771039,1,0,88
1635771039,0,33,94
1635771039,0,52,89
1635684639,1,84,108
1635684639,0,53,108
1635684639,1,5,95
1635684639,2,0,110
1635684639,0,12,91
1635684639,1,18,107
1635684639,1,78,101
1635684639,0,75,95
1635684639,0,65,94
1635684639,1,82,92
1635598239,0,99,89
1635598239,1,44,94
1635598239,0,73,81
1635598239,2,29,86
1635598239,1,30,93
1635598239,2,91,88
1635598239,2,30,91
1635598239,1,52,86
1635598239,1,65,96
1635598239,1,5,87
1635511839,2,19,101
1635511839,0,69,90
1635511839,1,54,104
1635511839,1,76,102
1635511839,0,25,89
1635511839,1,26,105
1635511839,2,27,101
1635511839,2,95,104
1635511839,2,78,104
1635511839,2,60,99
1635425439,1,81,135
1635425439,1,65,125
1635425439,1,22,127
1635425439,2,69,121
1635425439,0,9,121
1635425439,0,32,135
1635425439,1,94,121
1635425439,1,82,122
1635425439,0,50,125
1635425439,1,59,127
1635339039,0,36,160
1635339039,0,18,167
1635339039,2,84,164
1635339039,2,74,174
1635339039,1,86,165
1635339039,1,94,166
1635339039,1,29,175
1635339039,1,95,167
1635339039,0,74,159
1635339039,2,12,154
1635252639,1,18,221
1635252639,1,96,214
1635252639,1,1,215
1635252639,1,18,209
1635252639,0,26,213
1635252639,0,51,228
1635252639,2,70,194
1635252639,2,81,218
1635252639,0,14,197
1635252639,1,14,213
1635166239,2,92,180
1635166239,1,98,195
1635166239,2,10,175
1635166239,0,45,168
1635166239,2,58,173
1635166239,1,49,177
1635166239,2,24,168
1635166239,1,25,195
1635166239,1,95,176
1635166239,2,63,197
1635079839,1,6,126
1635079839,0,1,148
1635079839,1,53,144
1635079839,0,23,142
1635079839,0,48,131
1635079839,2,18,131
1635079839,0,21,131
1635079839,2,29,147
1635079839,2,39,147
1635079839,1,79,128
1634993439,0,89,92
1634993439,0,77,103
1634993439,1,45,103
1634993439,0,86,103
1634993439,0,20,106
1634993439,0,45,100
1634993439,0,5,106
1634993439,1,45,102
1634993439,1,79,107
1634993439,2,69,97
1634907039,0,30,73
1634907039,2,8,70
1634907039,1,38,75
1634907039,1,42,77
1634907039,1,2,74
1634907039,2,62,69
1634907039,0,54,73
1634907039,0,36,75
1634907039,2,48,70
1634907039,2,86,73
1634820639,0,82,89
1634820639,1,46,88
1634820639,1,10,75
1634820639,2,40,79
1634820639,0,6,85
1634820639,1,30,75
1634820639,0,1,89
1634820639,1,59,87
1634820639,0,51,79
1634820639,0,31,83
1634734239,0,3,99
1634734239,0,54,105
1634734239,1,96,104
1634734239,1,14,116
1634734239,1,17,104
1634734239,1,100,105
1634734239,2,69,106
1634734239,0,38,102
1634734239,1,59,112
1634734239,2,67,103
1634647839,1,58,129
1634647839,0,54,137
1634647839,1,5,130
1634647839,2,89,146
1634647839,2,39,137
1634647839,1,51,131
1634647839,0,59,152
1634647839,1,20,145
1634647839,0,61,131
1634647839,2,54,143
1634561439,0,39,134
1634561439,0,78,124
1634561439,0,75,123
1634561439,1,81,114
1634561439,2,8,110
1634561439,2,89,127
1634561439,1,73,129
1634561439,2,16,117
1634561439,0,68,119
1634561439,1,87,128
1634475039,1,72,91
1634475039,2,42,96
1634475039,1,72,81
1634475039,0,54,87
1634475039,1,80,91
1634475039,2,32,87
1634475039,0,78,88
1634475039,1,65,81
1634475039,1,61,95
1634475039,2,20,82
1634388639,2,70,62
1634388639,0,73,68
1634388639,2,43,63
1634388639,0,71,68
1634388639,0,75,69
1634388639,0,18,69
1634388639,2,55,69
1634388639,2,40,69
1634388639,2,25,68
1634388639,1,85,61
1634302239,0,6,66
1634302239,0,49,78
1634302239,1,55,69
1634302239,0,0,79
1634302239,1,4,69
1634302239,0,50,67
1634302239,1,47,74
1634302239,2,17,79
1634302239,1,66,76
1634302239,0,95,71
1634215839,2,0,65
1634215839,0,51,66
1634215839,0,55,67
1634215839,2,48,58
1634215839,1,65,62
1634215839,0,50,65
1634215839,1,47,58
1634215839,0,52,67
1634215839,1,75,60
1634215839,2,18,63
1634129439,0,62,69
1634129439,1,96,75
1634129439,0,46,68
1634129439,1,93,64
1634129439,1,16,74
1634129439,2,4,65
1634129439,0,93,67
1634129439,1,42,63
1634129439,0,16,65
1634129439,0,40,66
1634043039,1,25,94
1634043039,1,16,90
1634043039,2,23,95
1634043039,0,73,86
1634043039,2,80,84
1634043039,0,95,85
1634043039,1,84,90
1634043039,2,96,87
1634043039,0,9,97
1634043039,2,69,94
1633956639,2,60,122
1633956639,1,59,125
1633956639,2,79,107
1633956639,2,43,108
1633956639,1,29,106
1633956639,0,14,111
1633956639,0,83,117
1633956639,1,81,109
1633956639,2,29,122
1633956639,2,26,120
1633870239,2,19,110
1633870239,0,49,104
1633870239,1,85,90
1633870239,2,61,110
1633870239,1,98,91
1633870239,0,78,99
1633870239,0,64,109
1633870239,1,8,100
1633870239,0,33,106
1633870239,1,86,94
1633783839,2,7,70
1633783839,0,18,73
1633783839,2,16,67
1633783839,2,99,65
1633783839,2,68,65
1633783839,0,8,77
1633783839,2,46,79
1633783839,1,6,75
1633783839,2,82,75
1633783839,2,9,72
1633697439,2,86,47
1633697439,1,45,54
1633697439,0,44,48
1633697439,0,22,56
1633697439,0,73,53
1633697439,0,72,57
1633697439,0,19,54
1633697439,0,44,55
1633697439,2,62,56
1633697439,0,92,56
1633611039,2,22,39
1633611039,1,12,37
1633611039,0,79,35
1633611039,2,41,39
1633611039,1,73,40
1633611039,2,36,38
1633611039,1,96,39
1633611039,1,100,41
1633611039,2,59,39
1633611039,0,38,39
1633524639,0,85,42
1633524639,0,72,44
1633524639,2,16,45
1633524639,2,83,43
1633524639,2,33,39
1633524639,2,37,44
1633524639,0,31,44
1633524639,2,74,39
1633524639,1,86,40
1633524639,1,5,42
1633438239,1,10,53
1633438239,1,13,51
1633438239,0,62,54
1633438239,1,52,50
1633438239,2,74,56
1633438239,0,55,52
1633438239,1,72,58
1633438239,2,98,53
1633438239,2,79,51
1633438239,0,48,49
1633351839,2,6,70
1633351839,0,44,71
1633351839,1,41,75
1633351839,0,89,73
1633351839,0,92,70
1633351839,2,27,73
1633351839,0,49,68
1633351839,2,56,67
1633351839,1,20,67
1633351839,2,11,75
1633265439,2,70,55
1633265439,2,79,61
1633265439,2,75,62
1633265439,0,12,61
1633265439,0,57,62
1633265439,2,21,55
1633265439,2,82,59
1633265439,2,91,66
1633265439,1,74,57
1633265439,2,12,66
1633179039,0,14,41
1633179039,1,32,48
1633179039,1,2,45
1633179039,2,87,46
1633179039,0,55,42
1633179039,2,72,47
1633179039,0,60,44
1633179039,1,94,48
1633179039,2,71,41
1633179039,2,15,46
1633092639,1,48,45
1633092639,0,69,50
1633092639,0,50,52
1633092639,1,95,47
1633092639,1,5,49
1633092639,1,86,51
1633092639,1,57,45
1633092639,2,86,48
1633092639,2,16,46
1633092639,1,51,48
1633006239,2,91,63
1633006239,0,51,66
1633006239,1,55,56
1633006239,1,2,68
1633006239,0,62,67
1633006239,1,16,68
1633006239,2,22,67
1633006239,0,64,62
1633006239,1,10,64
1633006239,0,52,67
1632919839,1,20,82
1632919839,0,83,82
1632919839,2,37,74
1632919839,2,67,83
1632919839,1,4,88
1632919839,0,20,85
1632919839,2,80,88
1632919839,1,57,73
1632919839,1,4,82
1632919839,0,44,79
1632833439,0,31,66
1632833439,0,5,65
1632833439,0,39,69
1632833439,1,75,73
1632833439,2,60,64
1632833439,1,73,72
1632833439,1,30,75
1632833439,2,18,72
1632833439,0,53,72
1632833439,1,28,72
1632747039,2,73,77
1632747039,1,52,81
1632747039,1,71,82
1632747039,2,85,72
1632747039,0,55,82
1632747039,0,14,78
1632747039,0,92,82
1632747039,1,22,83
1632747039,1,60,76
1632747039,2,20,83
1632660639,1,81,72
1632660639,0,33,62
1632660639,2,65,66
1632660639,0,83,73
1632660639,2,71,64
1632660639,1,99,63
1632660639,2,16,61
1632660639,1,45,63
1632660639,2,31,65
1632660639,2,5,67
1632574239,1,95,45
1632574239,0,71,51
1632574239,2,87,52
1632574239,2,92,50
1632574239,1,35,47
1632574239,1,85,53
1632574239,2,93,50
1632574239,0,96,51
1632574239,0,89,50
1632574239,0,45,48
1632487839,1,86,57
1632487839,2,84,59
1632487839,1,5,58
1632487839,1,66,49
1632487839,1,84,50
1632487839,0,0,58
1632487839,0,59,50
1632487839,0,47,50
1632487839,2,17,55
1632487839,0,56,58
1632401439,2,34,74
1632401439,1,23,68
1632401439,2,19,64
1632401439,2,17,64
1632401439,2,50,65
1632401439,0,28,75
1632401439,1,13,63
1632401439,2,27,63
1632401439,2,89,66
1632401439,0,81,70
1632315039,2,48,90
1632315039,0,43,92
1632315039,2,48,84
1632315039,2,78,87
1632315039,1,1,94
1632315039,1,92,87
1632315039,0,2,97
1632315039,1,59,88
1632315039,0,8,87
1632315039,2,92,85
1632228639,0,91,122
1632228639,1,66,121
1632228639,0,73,121
1632228639,0,57,106
1632228639,0,22,118
1632228639,0,86,120
1632228639,2,29,112
1632228639,0,47,110
1632228639,2,85,110
1632228639,1,68,112
1632142239,1,96,156
1632142239,2,100,151
1632142239,2,25,141
1632142239,2,30,135
1632142239,2,5,142
1632142239,1,71,137
1632142239,2,16,145
1632142239,1,69,141
1632142239,2,2,156
1632142239,2,68,139
1632055839,1,61,172
1632055839,0,51,175
1632055839,1,90,194
1632055839,1,68,204
1632055839,0,96,197
1632055839,0,86,181
1632055839,2,22,185
1632055839,2,90,185
1632055839,0,8,193
1632055839,0,24,201
1631969439,1,81,161
1631969439,1,71,157
1631969439,1,5,172
1631969439,2,50,173
1631969439,0,81,151
1631969439,1,45,162
1631969439,2,25,177
1631969439,2,60,178
1631969439,0,98,160
1631969439,0,41,167
1631883039,2,31,131
1631883039,2,20,117
1631883039,2,34,130
1631883039,2,74,120
1631883039,0,84,131
1631883039,1,54,125
1631883039,1,57,124
1631883039,0,12,114
1631883039,2,76,123
1631883039,2,59,110
1631796639,0,51,131
1631796639,1,24,139
1631796639,2,62,137
1631796639,2,86,130
1631796639,2,48,136
1631796639,2,14,137
1631796639,0,30,134
1631796639,1,33,138
1631796639,1,10,124
1631796639,1,12,144
1631710239,0,44,166
1631710239,0,37,162
1631710239,0,82,155
1631710239,1,36,165
1631710239,0,74,163
1631710239,2,41,167
1631710239,0,42,186
1631710239,0,39,157
1631710239,2,77,167
1631710239,0,42,187
1631623839,0,83,229
1631623839,0,41,239
1631623839,2,90,219
1631623839,0,0,242
1631623839,2,91,234
1631623839,1,48,236
1631623839,1,51,206
1631623839,1,43,210
1631623839,1,34,240
1631623839,1,20,231
1631537439,1,60,266
1631537439,1,90,268
1631537439,2,23,277
1631537439,1,52,313
1631537439,1,95,311
1631537439,1,25,283
1631537439,2,89,269
1631537439,2,76,309
1631537439,0,69,316
1631537439,2,13,313
1631451039,0,33,276
1631451039,2,68,270
1631451039,2,30,236
1631451039,2,72,270
1631451039,0,100,249
1631451039,0,94,276
1631451039,1,32,268
1631451039,2,7,270
1631451039,0,77,243
1631451039,0,95,250
1631364639,0,85,266
1631364639,0,24,306
1631364639,2,78,257
1631364639,2,78,309
1631364639,2,91,295
1631364639,2,1,298
1631364639,1,63,304
1631364639,2,7,289
1631364639,0,66,270
1631364639,2,13,307
1631278239,1,22,226
1631278239,2,79,248
1631278239,1,45,225
1631278239,1,43,248
1631278239,1,63,254
1631278239,1,92,265
1631278239,0,55,227
1631278239,2,89,257
1631278239,1,33,260
1631278239,0,3,248
1631191839,1,25,267
1631191839,2,78,289
1631191839,1,22,257
1631191839,2,7,296
1631191839,2,21,269
1631191839,1,95,280
1631191839,2,92,243
1631191839,0,5,279
1631191839,2,50,247
1631191839,2,67,268
1631105439,0,28,371
1631105439,1,26,333
1631105439,2,49,360
1631105439,0,76,329
1631105439,0,44,365
1631105439,2,5,374
1631105439,2,39,375
1631105439,1,83,384
1631105439,0,95,341
1631105439,2,72,337
1631019039,2,0,469
1631019039,0,28,470
1631019039,0,0,469
1631019039,0,70,450
1631019039,2,94,473
1631019039,2,85,437
1631019039,2,73,464
1631019039,0,90,451
1631019039,1,14,496
1631019039,0,71,429
1630932639,0,100,429
1630932639,1,45,429
1630932639,0,13,417
1630932639,1,7,432
1630932639,1,92,414
1630932639,0,39,416
1630932639,0,16,394
1630932639,2,14,433
1630932639,0,82,368
1630932639,1,55,423
1630846239,1,45,468
1630846239,2,21,470
1630846239,1,63,480
1630846239,2,77,461
1630846239,1,37,456
1630846239,1,30,423
1630846239,2,100,465
1630846239,0,16,404
1630846239,1,94,398
1630846239,1,57,482
1630759839,0,37,634
1630759839,2,38,539
1630759839,0,23,588
1630759839,0,84,542
1630759839,0,52,542
1630759839,0,97,574
1630759839,1,43,620
1630759839,2,19,628
1630759839,2,29,574
1630759839,1,95,618
1630673439,2,92,743
1630673439,0,80,758
1630673439,0,14,741
1630673439,2,86,691
1630673439,1,75,685
1630673439,2,4,728
1630673439,2,76,688
1630673439,2,56,792
1630673439,2,18,777
1630673439,1,28,828
1630587039,2,71,668
1630587039,0,64,670
1630587039,0,37,612
1630587039,1,7,620
1630587039,1,45,626
1630587039,2,64,712
1630587039,1,90,605
1630587039,0,70,666
1630587039,1,44,659
1630587039,1,100,722
1630500639,0,29,758
1630500639,1,60,695
1630500639,2,52,771
1630500639,1,28,770
1630500639,2,80,674
1630500639,2,64,755
1630500639,1,24,705
1630500639,2,17,663
1630500639,2,18,770
1630500639,1,45,678
1630414239,0,40,912
1630414239,0,86,898
1630414239,1,58,900
1630414239,2,43,1016
1630414239,2,10,1013
1630414239,2,1,901
1630414239,1,89,872
1630414239,0,76,928
1630414239,2,49,834
1630414239,0,69,1014
1630327839,0,85,1128
1630327839,0,12,1147
1630327839,2,80,1157
1630327839,0,52,1323
1630327839,2,43,1134
1630327839,2,86,1101
1630327839,1,81,1310
1630327839,2,27,1316
1630327839,0,79,1303
1630327839,0,91,1292
1630241439,0,24,1609
1630241439,0,48,1721
1630241439,2,27,1592
1630241439,1,37,1516
1630241439,2,37,1587
1630241439,1,74,1614
1630241439,0,28,1490
1630241439,2,48,1501
1630241439,1,36,1609
1630241439,2,67,1732
1630155039,0,67,1277
1630155039,0,55,1421
1630155039,2,45,1524
1630155039,0,39,1513
1630155039,1,49,1512
1630155039,2,41,1333
1630155039,0,68,1299
1630155039,2,78,1325
1630155039,2,28,1402
1630155039,1,54,1382
1630068639,2,79,1090
1630068639,2,46,999
1630068639,1,57,934
1630068639,1,71,1025
1630068639,0,73,951
1630068639,1,78,1048
1630068639,0,82,938
1630068639,0,30,1012
1630068639,1,46,1089
1630068639,1,19,991
1629982239,2,16,1214
1629982239,2,62,1228
1629982239,1,70,1067
1629982239,1,4,1022
1629982239,0,23,1135
1629982239,1,87,1138
1629982239,0,51,1023
1629982239,2,93,1046
1629982239,0,38,1010
1629982239,2,76,1125
1629895839,2,100,1444
1629895839,0,91,1392
1629895839,2,74,1533
1629895839,0,74,1402
1629895839,0,45,1354
1629895839,1,3,1580
1629895839,1,11,1343
1629895839,2,90,1555
1629895839,0,48,1462
1629895839,0,4,1594
1629809439,0,28,2035
1629809439,2,36,1990
1629809439,0,97,2015
1629809439,1,23,1739
1629809439,2,13,1965
1629809439,0,97,1851
1629809439,0,71,1764
1629809439,2,42,1788
1629809439,0,29,1893
1629809439,2,56,1899
1629723039,2,85,1471
1629723039,2,8,1605
1629723039,2,70,1560
1629723039,0,95,1745
1629723039,2,96,1655
1629723039,2,37,1752
1629723039,0,80,1471
1629723039,1,70,1551
1629723039,1,73,1724
1629723039,1,88,1748
1629636639,1,60,1292
1629636639,1,52,1085
1629636639,2,9,1085
1629636639,0,41,1112
1629636639,0,89,1263
1629636639,2,75,1241
1629636639,0,75,1150
1629636639,0,98,1283
1629636639,2,53,1156
1629636639,0,85,1073
1629550239,2,75,845
1629550239,2,74,869
1629550239,2,9,800
1629550239,1,22,863
1629550239,1,59,814
1629550239,2,22,881
1629550239,2,60,822
1629550239,0,64,814
1629550239,0,85,938
1629550239,0,85,794
1629463839,2,95,689
1629463839,2,79,576
1629463839,0,24,630
1629463839,1,7,673
1629463839,1,34,678
1629463839,1,95,686
1629463839,0,57,588
1629463839,0,27,599
1629463839,0,3,595
1629463839,1,80,680
1629377439,1,42,437
1629377439,2,24,468
1629377439,0,48,503
1629377439,1,46,426
1629377439,2,87,473
1629377439,2,86,486
1629377439,2,0,440
1629377439,1,45,460
1629377439,0,24,446
1629377439,1,41,462
1629291039,1,59,321
1629291039,2,70,311
1629291039,2,26,350
1629291039,0,55,339
1629291039,2,85,338
1629291039,0,39,319
1629291039,1,72,325
1629291039,1,46,373
1629291039,0,100,346
1629291039,0,56,368
1629204639,0,73,336
1629204639,2,3,361
1629204639,0,41,347
1629204639,2,49,388
1629204639,2,83,384
1629204639,2,72,379
1629204639,1,56,372
1629204639,2,45,360
1629204639,0,68,374
1629204639,2,12,398
